area,censitario,trabalhados,nao_trabalhados,im_aegypti,im_albopictus,focal,perifocal,nebulizacao,mecanico,alternativo
1,354980505000252,468,412,2,0,0,0,114,143,4
1,354980505000274,340,231,0,0,0,0,169,59,1
1,354980505000275,196,415,0,0,0,0,67,22,0
1,354980505000276,200,329,0,0,0,0,66,27,0
1,354980505000277,181,285,1,0,0,0,103,59,1
1,354980505000278,139,324,0,0,0,0,0,127,0
1,354980505000296,801,523,0,0,2,0,285,92,4
1,354980505000299,621,441,0,0,8,0,360,42,0
1,354980505000300,1135,656,0,0,8,0,458,57,2
1,354980505000301,1090,720,0,0,11,0,451,100,8
1,354980505000302,762,451,0,0,9,0,395,55,0
1,354980505000442,325,213,0,0,10,0,42,140,1
1,354980505000443,300,242,0,0,0,0,81,74,0
1,354980505000449,708,596,0,0,0,0,319,173,0
1,354980505000450,599,685,0,0,0,0,260,72,3
1,354980505000531,47,47,0,0,0,0,0,24,0
1,354980505000532,68,96,0,0,1,0,0,52,1
1,354980505000840,253,198,0,0,1,0,83,71,1
1,354980505000841,346,335,3,0,1,0,78,146,1
1,354980505000842,367,324,0,0,11,0,118,83,2
1,354980505000843,339,297,1,0,1,0,133,117,1
1,354980505000852,296,227,1,0,1,0,130,57,0
1,354980505000853,210,137,0,0,1,0,68,29,0
1,354980505000854,459,279,0,0,1,0,67,14,7
1,354980505000855,283,312,3,0,1,0,78,15,4
1,354980505000866,69,0,0,0,0,0,0,56,0
1,354980505000867,643,475,0,0,3,0,243,180,4
1,354980505000869,195,191,1,0,0,0,95,45,4
1,354980505000870,219,219,0,0,2,0,86,11,2
1,354980505000871,517,541,0,0,2,0,162,89,6
1,354980505000872,211,256,0,0,1,0,54,70,0
1,354980505000910,95,113,0,0,0,0,0,56,0
1,354980505000911,163,123,0,0,0,0,0,110,2
1,354980505001011,508,605,0,0,1,0,0,210,2
1,354980505001012,425,534,0,0,0,0,0,179,0
1,354980505001013,240,284,0,0,0,0,0,122,1
1,354980505001122,376,310,3,0,0,0,68,132,1
1,354980505001123,266,162,0,0,1,0,78,20,2
1,354980505001142,153,264,0,0,0,0,0,25,0
1,354980505001143,201,315,0,0,0,0,0,64,0
1,354980505001187,413,286,0,0,9,0,74,146,0
1,354980505001191,200,159,1,0,0,0,112,18,1
1,354980505001192,4,0,0,0,0,0,0,2,0
1,354980505001197,12,0,0,0,0,0,0,3,0
1,354980505001198,134,104,1,0,0,0,63,31,1
1,354980505001203,23,3,0,0,0,0,0,4,0
1,354980505001204,140,53,0,0,0,1,0,75,0
1,354980505001205,259,179,0,0,0,0,100,44,1
1,354980505001208,3,0,0,0,0,0,0,3,0
1,354980505001209,289,426,1,0,0,0,0,143,0
10,354980505000001,1142,236,0,0,0,0,197,8,3
10,354980505000003,580,115,0,0,0,0,58,17,1
10,354980505000004,994,144,0,0,0,0,98,7,4
10,354980505000005,253,164,0,0,0,0,0,13,4
10,354980505000006,241,87,0,0,0,0,32,1,0
10,354980505000009,233,93,0,0,0,0,104,6,0
10,354980505000010,417,126,1,0,0,0,137,19,2
10,354980505000012,96,33,0,0,0,0,50,0,0
10,354980505000013,152,46,0,0,0,0,54,1,0
10,354980505000019,87,28,1,0,0,0,0,2,0
10,354980505000020,90,55,0,0,0,0,0,1,0
10,354980505000022,384,143,0,0,0,0,121,0,0
10,354980505000023,245,73,0,0,0,0,92,6,0
10,354980505000024,152,55,0,0,0,0,38,0,0
10,354980505000026,49,20,1,0,0,0,0,1,0
10,354980505000027,75,54,0,0,0,0,0,1,0
10,354980505000028,143,99,1,0,0,0,0,1,0
10,354980505000029,272,126,0,0,1,0,47,4,0
10,354980505000030,85,31,1,0,1,0,0,1,0
10,354980505000043,49,33,0,0,1,0,0,1,0
10,354980505000045,102,98,0,0,0,0,0,1,2
10,354980505000046,564,95,1,0,0,0,0,2,3
10,354980505000047,263,61,0,0,1,0,16,1,1
10,354980505000048,98,33,0,0,0,0,0,0,0
10,354980505000049,193,107,1,0,0,0,0,10,2
10,354980505000070,15,14,0,0,0,0,0,0,0
10,354980505000071,20,8,0,0,0,0,0,0,0
10,354980505000072,21,12,0,0,0,0,0,1,0
10,354980505000073,406,102,2,0,0,0,0,2,1
10,354980505000222,64,33,0,0,1,0,0,0,0
10,354980505000407,281,264,0,0,0,0,0,2,1
10,354980505000408,275,184,0,0,0,0,0,3,2
10,354980505000409,223,155,0,0,2,0,28,5,0
10,354980505000413,144,139,0,0,0,0,0,1,2
10,354980505000414,230,173,0,0,1,0,0,8,3
10,354980505000521,102,47,0,0,0,0,0,3,0
10,354980505000578,32,24,0,0,0,0,0,0,0
10,354980505000579,53,39,0,0,0,0,0,0,0
10,354980505000580,120,40,0,0,0,0,11,1,0
10,354980505000581,125,38,0,0,0,0,43,0,0
10,354980505000584,129,130,0,0,0,0,1,1,0
10,354980505000585,117,57,2,0,0,0,0,0,0
10,354980505000595,58,18,0,0,0,0,0,0,0
10,354980505000602,65,17,0,0,0,0,0,3,0
10,354980505000603,24,9,0,0,0,0,0,0,0
10,354980505000669,357,189,0,0,0,0,0,16,3
10,354980505000670,240,180,0,0,0,0,0,16,4
10,354980505000672,132,75,0,0,0,0,0,3,1
10,354980505000673,122,75,0,0,1,0,1,6,2
10,354980505000674,103,62,0,0,0,0,1,4,0
10,354980505000675,83,58,0,0,1,0,0,0,0
10,354980505000676,147,144,0,0,0,0,0,0,0
10,354980505000677,139,100,0,0,2,0,0,18,1
10,354980505001084,14,2,0,0,0,0,0,0,0
10,354980505001086,618,190,0,0,0,0,131,3,1
10,354980505001087,104,66,0,0,0,0,29,0,0
10,354980505001088,174,71,0,0,0,0,63,0,0
10,354980505001089,105,39,0,0,0,0,0,0,0
10,354980505001094,209,106,0,0,0,0,0,6,0
10,354980505001095,148,84,0,0,0,0,0,0,0
10,354980505001096,32,11,0,0,0,0,32,0,0
10,354980505001097,68,33,0,0,0,0,0,0,0
10,354980505001104,27,5,0,0,0,0,0,0,0
10,354980505001105,72,11,0,0,0,0,0,0,0
10,354980505001165,39,24,0,0,0,0,0,0,0
10,354980505001166,41,16,0,0,0,0,0,0,0
10,354980505001177,35,17,0,0,0,0,0,0,0
10,354980505001178,87,22,0,0,0,0,0,0,0
10,354980505001249,44,18,0,0,0,1,0,1,0
101,354980505000804,29,12,0,0,0,0,0,0,2
101,354980505000807,2,0,0,0,0,0,0,0,0
101,354980505000930,21,0,0,0,2,0,0,12,0
101,354980505000971,33,18,0,0,0,0,0,6,0
101,354980505000973,205,105,0,0,0,0,0,61,0
101,354980505000976,8,1,0,0,0,0,0,0,0
101,354980505000987,400,10,1,0,0,0,0,3,0
101,354980505001017,25,0,0,0,0,0,0,13,0
101,354980505001030,1,1,0,0,0,0,0,1,0
101,354980505001161,5,0,1,0,0,0,0,5,0
101,354980505001162,69,22,0,0,4,0,1,49,3
101,354980505001163,5,0,0,0,0,0,0,3,0
101,354980505001223,4,0,0,0,1,0,0,2,0
101,354980505001262,7,0,0,0,0,0,0,2,0
101,354980505001267,10,0,0,0,0,0,0,0,0
101,354980505001269,5,0,0,0,0,0,0,0,0
101,354980505001270,45,10,0,0,0,0,0,2,0
101,354980505001282,20,0,0,0,1,0,0,0,0
101,354980510000069,12,4,0,0,0,0,0,0,0
101,354980510000075,1,0,0,0,0,0,0,0,0
101,354980510000096,1,1,0,0,0,0,0,0,0
101,354980510000097,15,0,0,0,0,0,0,6,0
101,354980510000101,22,3,0,0,0,0,0,22,2
101,354980520000003,90,19,0,0,0,0,0,0,0
101,354980520000016,58,8,0,0,0,0,0,0,0
101,354980520000020,56,31,0,0,0,0,0,1,0
101,354980520000024,51,1,0,0,0,0,0,0,0
101,354980520000030,38,5,0,0,0,0,0,0,0
101,354980520000034,40,57,0,0,0,0,0,0,0
11,354980505000040,386,278,0,0,2,0,107,20,4
11,354980505000041,612,342,0,0,8,0,195,20,1
11,354980505000062,172,96,4,0,3,0,0,24,3
11,354980505000065,428,162,0,0,1,0,0,7,1
11,354980505000066,812,515,0,0,1,0,102,42,1
11,354980505000067,1335,715,0,0,27,0,205,64,7
11,354980505000068,1014,511,1,0,27,0,155,44,2
11,354980505000089,141,129,0,0,2,0,0,10,1
11,354980505000090,242,126,1,0,3,0,0,18,2
11,354980505000592,420,238,0,0,0,0,132,28,3
11,354980505000593,401,216,0,0,4,0,116,28,4
11,354980505000598,106,110,3,0,2,0,0,17,0
11,354980505000599,127,94,1,0,1,0,0,19,5
11,354980505000600,221,172,2,0,0,0,0,12,4
11,354980505000601,260,172,0,0,0,0,1,19,3
11,354980505000610,156,117,3,0,1,0,0,14,3
11,354980505000611,16,4,0,0,0,0,0,3,1
11,354980505000612,267,217,0,0,0,0,0,14,1
11,354980505000613,141,73,0,0,3,0,0,3,1
11,354980505001112,72,80,0,0,1,0,0,4,1
11,354980505001113,67,47,2,0,1,0,0,6,1
11,354980505001167,482,360,2,0,9,0,0,27,8
11,354980505001168,143,31,0,0,4,0,0,12,2
12,354980505000550,32,0,2,0,1,0,0,11,3
12,354980505000569,269,211,2,0,1,0,0,97,9
12,354980505000800,58,44,0,0,0,0,0,20,9
12,354980505000804,35,12,2,0,0,0,0,19,1
12,354980505001082,42,18,1,0,0,0,0,10,1
12,354980505001083,64,19,1,0,0,0,0,18,8
12,354980510000005,657,442,1,0,0,0,148,8,1
12,354980510000007,454,214,0,0,0,0,113,22,0
12,354980510000008,585,420,1,0,0,0,131,42,5
12,354980510000009,167,122,2,0,0,0,26,21,0
12,354980510000010,54,12,4,0,1,0,0,10,4
12,354980510000021,17,16,0,0,0,0,0,4,4
12,354980510000028,116,67,0,0,0,0,0,15,2
12,354980510000029,269,219,0,0,0,0,0,36,0
12,354980510000031,56,23,0,0,0,0,0,5,2
12,354980510000037,457,169,1,0,0,0,135,11,3
12,354980510000038,375,199,0,0,0,0,126,35,7
12,354980510000039,31,14,0,0,0,0,0,17,0
12,354980510000040,677,465,0,0,0,0,170,25,1
12,354980510000041,253,174,0,0,2,0,64,20,11
12,354980510000042,176,167,0,0,0,0,39,13,1
12,354980510000043,317,225,0,0,0,0,89,23,8
12,354980510000044,172,62,1,0,0,0,0,18,2
12,354980510000045,354,204,1,0,1,0,132,29,3
12,354980510000046,394,279,0,0,1,0,163,25,2
12,354980510000076,257,288,0,0,0,0,0,76,1
12,354980510000077,135,161,0,0,0,0,0,24,0
12,354980510000080,82,36,3,0,1,0,0,31,3
12,354980510000081,63,26,2,0,0,0,0,24,3
12,354980510000082,86,23,3,0,1,0,0,25,7
12,354980510000084,408,189,1,0,1,0,0,52,8
12,354980510000097,539,182,0,0,0,0,0,198,2
13,354980505000134,276,239,1,0,0,0,144,9,0
13,354980505000135,227,148,0,0,0,0,69,30,0
13,354980505000138,628,418,0,0,0,0,378,24,5
13,354980505000139,895,504,1,0,1,0,419,51,6
13,354980505000140,468,373,0,0,0,0,304,51,0
13,354980505000142,345,257,0,0,0,0,185,41,1
13,354980505000145,88,64,0,0,0,0,0,16,0
13,354980505000148,384,251,0,0,0,0,100,17,7
13,354980505000149,610,513,0,0,0,0,249,74,0
13,354980505000151,372,215,2,0,0,0,109,51,9
13,354980505000152,531,467,1,0,1,0,124,106,29
13,354980505000157,27,16,0,0,0,0,0,0,0
13,354980505000158,64,15,0,0,0,0,0,0,0
13,354980505000159,106,46,0,0,0,0,0,39,0
13,354980505000166,357,315,0,0,0,0,147,23,0
13,354980505000169,368,216,3,0,0,0,21,62,14
13,354980505000171,449,227,0,0,1,0,0,97,17
13,354980505000201,99,86,2,0,0,0,0,4,0
13,354980505000204,76,86,0,0,0,0,0,5,0
13,354980505000426,300,234,0,0,0,0,79,21,0
13,354980505000427,27,9,0,0,0,0,0,0,0
13,354980505000428,13,0,0,0,0,0,0,0,0
13,354980505000429,174,142,0,0,0,0,0,21,0
13,354980505000440,24,11,0,0,0,0,0,10,0
13,354980505000507,65,34,0,0,0,0,19,7,2
13,354980505000693,214,269,0,0,0,0,81,39,0
13,354980505000694,26,8,0,0,0,0,0,10,0
13,354980505000695,435,347,0,0,0,0,249,50,4
13,354980505000696,296,159,0,0,0,0,187,3,0
13,354980505000697,349,318,0,0,0,0,184,53,0
13,354980505000698,159,126,0,0,0,0,78,49,0
13,354980505000699,32,34,0,0,0,0,22,0,0
13,354980505000700,114,59,0,0,0,0,58,1,1
13,354980505000701,90,41,0,0,0,0,43,28,0
13,354980505000702,11,2,0,0,0,0,0,0,0
13,354980505000703,483,377,0,0,0,0,230,53,3
13,354980505000704,266,168,0,0,0,0,182,46,1
13,354980505000705,240,133,0,0,0,0,103,48,2
13,354980505000706,386,358,0,0,0,0,124,26,0
13,354980505000707,341,246,0,0,0,0,82,22,1
13,354980505000708,217,160,0,0,0,0,43,9,0
13,354980505000713,85,90,0,0,0,0,0,8,0
13,354980505000715,1,0,0,0,1,0,0,1,0
13,354980505000716,29,11,0,0,0,0,0,12,0
13,354980505000717,18,9,0,0,0,0,0,10,0
13,354980505000718,23,7,0,0,0,0,0,6,0
13,354980505000719,49,6,0,0,0,0,0,0,0
13,354980505000720,28,16,0,0,0,0,0,0,0
13,354980505000721,46,17,0,0,0,0,0,38,0
13,354980505000723,263,157,1,0,3,0,84,24,21
13,354980505000724,256,235,0,0,0,0,115,56,9
13,354980505000725,221,155,0,0,0,0,120,32,1
13,354980505000726,243,232,0,0,0,0,0,115,9
13,354980505000727,447,377,0,0,0,0,115,90,15
13,354980505000728,125,128,0,0,0,0,0,4,0
13,354980505000729,190,198,0,0,0,0,0,18,1
13,354980505000755,253,99,0,0,0,0,0,53,1
13,354980505000756,63,10,0,0,0,0,0,25,0
13,354980505000757,10,1,0,0,0,0,0,9,4
13,354980505000758,54,68,0,0,0,0,0,6,2
13,354980505000759,17,24,0,0,0,0,0,3,0
13,354980505000760,50,55,0,0,0,0,0,4,4
13,354980505000761,52,75,1,0,0,0,0,0,0
13,354980505000762,18,24,0,0,0,0,0,0,0
13,354980505000763,16,31,0,0,0,0,0,0,0
13,354980505000764,14,0,0,0,0,0,0,6,0
13,354980505000765,64,40,0,0,0,0,0,13,0
13,354980505000766,94,57,0,0,0,0,0,55,0
13,354980505000767,40,26,0,0,0,0,0,32,0
13,354980505000768,137,49,0,0,0,0,0,3,2
13,354980505000769,122,71,0,0,1,0,0,15,0
13,354980505000814,10,9,0,0,0,0,0,0,0
13,354980505000815,89,14,0,0,2,0,0,20,0
13,354980505000816,22,4,0,0,0,0,0,1,0
13,354980505000817,17,12,0,0,0,0,0,1,0
13,354980505000818,18,11,0,0,0,0,0,2,0
13,354980505000819,6,2,0,0,0,0,0,2,0
13,354980505001148,0,1,0,0,0,0,0,0,0
13,354980505001149,23,14,0,0,0,0,0,5,0
13,354980505001150,467,280,0,0,0,0,85,139,19
13,354980505001151,128,73,1,0,0,0,0,16,0
13,354980505001152,325,279,0,0,0,0,0,89,1
13,354980505001153,471,238,0,0,0,0,0,181,9
13,354980505001158,8,80,0,0,0,0,0,2,0
13,354980505001240,61,43,0,0,0,0,29,1,0
13,354980505001246,7,1,0,0,0,0,0,0,0
13,354980505001251,13,0,0,0,1,0,2,3,0
13,354980505001252,157,80,0,0,0,0,74,5,0
14,354980505000803,27,46,1,0,2,0,0,3,0
14,354980510000003,29,15,0,0,0,0,0,12,3
14,354980510000034,513,371,0,0,0,0,0,27,0
14,354980510000035,588,384,0,0,0,0,0,60,0
14,354980510000036,476,334,0,0,0,0,0,128,3
14,354980510000047,142,147,2,0,1,0,0,6,1
14,354980510000048,409,298,0,0,0,0,0,5,0
14,354980510000049,329,205,1,0,0,0,0,10,0
14,354980510000050,416,394,1,0,0,1,0,9,0
14,354980510000051,146,105,2,0,0,0,0,61,1
14,354980510000052,343,310,2,0,0,0,2,61,0
14,354980510000053,182,87,0,0,0,0,0,104,4
14,354980510000054,71,62,0,0,0,0,0,2,0
14,354980510000083,318,298,0,0,0,0,0,110,4
14,354980510000085,276,330,0,0,1,0,0,42,1
14,354980510000086,273,401,0,0,0,0,1,121,0
14,354980510000088,229,278,0,0,0,0,0,8,0
14,354980510000089,179,277,0,0,0,0,0,48,2
14,354980510000090,138,202,0,0,0,0,0,50,1
14,354980510000091,299,391,0,0,1,0,0,98,1
14,354980510000092,291,219,0,0,0,0,0,152,11
14,354980510000093,208,114,0,0,0,1,0,123,4
14,354980510000100,86,40,0,0,0,0,0,36,0
14,354980510000101,41,21,0,0,0,0,0,18,0
15,354980505000336,588,363,1,0,1,0,26,54,1
15,354980505000349,162,214,4,0,0,0,0,5,0
15,354980505000351,718,752,0,0,0,0,0,41,5
15,354980505000352,538,412,0,0,0,0,85,15,1
15,354980505000353,709,526,0,0,2,0,42,23,1
15,354980505000354,1279,596,1,0,0,0,441,8,1
15,354980505000381,413,360,1,0,0,0,0,29,2
15,354980505000383,272,307,0,0,0,0,42,16,0
15,354980505000384,697,508,1,0,0,0,171,20,3
15,354980505000385,1059,775,0,0,1,0,499,31,3
15,354980505000386,798,536,1,0,1,0,344,28,2
15,354980505000387,518,355,1,0,0,0,277,23,2
15,354980505000388,483,352,4,0,1,0,304,7,2
15,354980505000404,417,235,0,0,0,0,0,2,2
15,354980505000462,478,318,0,0,2,0,0,43,2
15,354980505000637,194,114,0,0,0,0,0,14,1
15,354980505000638,105,121,0,0,0,0,0,5,2
15,354980505000647,119,81,1,0,1,0,0,7,1
15,354980505000648,174,79,0,0,0,0,51,2,0
15,354980505000649,291,209,1,0,0,0,159,16,0
15,354980505000650,787,350,1,0,0,0,347,0,2
15,354980505001108,147,185,0,0,0,0,0,1,0
15,354980505001109,161,97,0,0,0,0,0,13,1
15,354980505001175,227,103,0,0,1,0,0,13,2
15,354980505001176,541,341,0,0,0,0,0,13,0
16,354980505000227,259,152,0,0,0,0,170,5,1
16,354980505000228,285,197,0,0,0,0,147,4,1
16,354980505000230,156,92,0,0,0,0,100,3,1
16,354980505000232,431,332,1,0,0,0,173,8,0
16,354980505000233,386,279,0,0,0,0,158,4,0
16,354980505000247,496,361,0,0,0,0,275,4,0
16,354980505000248,557,364,2,0,1,0,260,19,4
16,354980505000266,45,38,1,0,0,0,0,4,0
16,354980505000267,196,178,0,0,0,0,0,2,0
16,354980505000441,630,424,0,0,1,0,97,12,0
16,354980505000448,92,147,0,0,0,0,0,5,0
16,354980505000824,221,276,0,0,0,0,70,2,0
16,354980505000825,234,218,0,0,0,0,55,4,2
16,354980505000826,324,312,0,0,0,0,92,3,2
16,354980505000827,526,398,2,0,0,0,211,3,0
16,354980505000833,93,177,0,0,0,0,0,6,1
16,354980505000834,151,218,2,0,0,0,0,4,0
16,354980505000835,213,349,0,0,0,0,0,5,0
16,354980505000836,146,218,0,0,0,0,0,2,0
16,354980505000837,349,569,0,0,0,0,30,9,2
16,354980505000838,265,170,1,0,1,0,0,9,1
16,354980505001134,149,263,0,0,0,0,0,0,2
16,354980505001135,179,413,0,0,0,0,0,4,0
16,354980505001193,18,3,2,0,5,0,0,3,0
16,354980505001199,16,9,0,0,0,0,0,0,0
16,354980505001200,112,160,0,0,1,0,0,4,0
16,354980505001218,16,9,0,0,0,0,0,0,0
16,354980505001219,12,1,0,0,0,0,0,0,0
17,354980505000475,732,750,3,0,1,0,1,254,4
17,354980505000476,633,668,1,0,0,0,0,182,2
17,354980505000477,746,909,1,0,1,0,0,152,1
17,354980505000940,488,655,0,0,0,0,0,383,1
17,354980505000941,541,287,0,0,1,0,0,492,5
17,354980505000945,482,99,0,0,0,0,0,409,0
17,354980505001140,621,493,1,0,0,0,0,193,0
17,354980505001141,970,924,1,0,0,0,0,267,10
17,354980505001184,320,82,0,0,0,0,0,273,0
17,354980505001212,1168,1046,2,0,0,0,0,323,1
17,354980505001213,36,1,0,0,0,0,0,35,2
17,354980505001257,235,435,0,0,0,0,0,138,0
17,354980505001258,215,444,0,0,0,0,0,119,0
18,354980505000261,398,333,0,0,0,0,129,98,0
18,354980505000262,812,430,0,0,0,0,328,14,0
18,354980505000263,588,617,1,0,0,0,273,63,0
18,354980505000283,712,377,0,0,0,0,194,15,1
18,354980505000284,944,572,0,0,0,0,322,10,0
18,354980505000285,803,408,0,0,0,0,399,24,1
18,354980505000286,844,561,1,0,0,0,398,35,2
18,354980505000315,828,623,1,0,1,0,268,21,0
18,354980505000317,718,534,0,0,0,0,363,103,0
18,354980505000830,513,469,0,0,0,0,165,106,0
18,354980505000831,23,35,0,0,0,0,0,0,0
18,354980505000832,21,22,0,0,0,0,0,8,0
18,354980505000848,261,238,0,0,0,0,106,46,0
18,354980505000849,286,214,0,0,0,0,138,23,0
18,354980505000879,702,328,0,0,1,0,257,37,0
18,354980505000880,574,328,0,0,0,0,213,24,0
18,354980505000881,504,402,0,0,0,0,258,14,0
18,354980505000882,603,487,1,0,0,0,163,30,1
18,354980505000883,524,392,0,0,1,0,195,9,0
18,354980505000884,537,310,1,0,0,0,240,63,0
18,354980505000885,642,357,1,0,0,0,274,19,0
18,354980505000886,539,447,0,0,0,0,241,27,0
18,354980505000916,162,208,0,0,0,0,0,53,1
18,354980505000917,264,296,0,0,0,0,0,65,1
18,354980505000918,173,220,0,0,1,0,14,59,0
18,354980505000919,324,280,0,0,0,0,128,36,0
18,354980505000928,353,137,0,0,0,0,124,70,1
18,354980505000929,200,204,0,0,0,0,0,90,0
18,354980505000930,39,44,0,0,0,0,0,24,0
18,354980505000954,10,9,0,0,0,0,0,0,0
18,354980505000955,11,11,0,0,0,0,0,11,0
18,354980505000956,13,12,0,0,0,0,0,0,0
18,354980505000957,7,0,0,0,0,0,0,0,0
18,354980505001120,391,267,1,0,0,0,198,73,0
18,354980505001121,460,416,0,0,0,0,260,39,2
18,354980505001189,349,297,2,0,0,0,136,30,0
18,354980505001210,26,22,0,0,0,0,0,7,0
18,354980505001211,25,13,1,0,0,0,0,3,1
18,354980505001271,47,55,0,0,0,0,0,17,0
18,354980505001272,16,14,0,0,0,0,0,4,0
18,354980505001273,13,18,0,0,0,0,0,0,0
19,354980505000330,529,304,1,0,0,0,133,21,0
19,354980505000850,360,468,0,0,0,0,0,17,2
19,354980505000851,359,368,2,0,0,0,0,8,1
19,354980505000860,336,416,2,0,0,0,0,5,0
19,354980505000861,430,474,0,0,0,0,85,3,0
19,354980505000862,401,494,1,0,3,0,128,9,0
19,354980505000863,674,461,0,0,1,0,178,10,0
19,354980505000864,263,130,1,0,0,0,0,3,0
19,354980505000865,759,542,0,0,0,0,176,17,0
19,354980505000899,792,424,1,0,0,0,185,3,0
19,354980505000900,804,495,0,0,5,0,287,15,0
19,354980505000963,348,441,0,0,0,0,0,5,0
19,354980505000964,258,91,3,0,1,0,0,4,0
19,354980505001201,26,19,0,0,0,0,18,1,0
19,354980505001202,163,105,1,0,0,0,0,5,0
19,354980505001266,7,17,0,0,1,0,0,1,0
19,354980505001279,5,4,0,0,0,0,0,2,0
19,354980505001280,3,29,0,0,0,0,0,0,0
19,354980505001281,27,101,0,0,0,0,0,0,0
19,354980505001282,33,80,0,0,0,0,0,0,0
2,354980505000241,788,558,2,0,0,0,347,100,3
2,354980505000242,678,649,1,0,0,0,247,115,1
2,354980505000243,760,637,0,0,0,0,256,421,3
2,354980505000256,759,557,0,0,2,0,349,145,2
2,354980505000258,761,675,0,0,1,0,367,231,2
2,354980505000259,790,630,1,0,0,0,215,202,2
2,354980505000279,717,470,1,0,1,0,185,143,5
2,354980505000280,796,445,1,0,3,0,187,143,3
2,354980505000281,666,643,0,0,1,0,155,152,0
2,354980505000282,608,536,0,0,0,0,159,129,0
2,354980505000306,483,378,0,0,0,0,209,111,0
2,354980505000307,479,473,0,0,2,0,143,186,3
2,354980505000308,884,681,5,0,0,0,175,135,6
2,354980505000309,998,815,0,0,0,0,162,201,9
2,354980505000310,897,673,0,0,0,0,282,276,5
2,354980505000312,799,672,0,0,0,0,355,38,0
2,354980505000313,796,643,0,0,0,0,351,44,1
2,354980505000314,607,565,0,0,0,0,242,53,1
2,354980505000422,681,610,0,0,0,0,335,67,0
2,354980505000483,15,13,0,0,0,0,0,11,0
2,354980505000533,209,308,1,0,1,0,49,83,3
2,354980505000564,35,39,1,0,2,0,0,13,2
2,354980505000565,80,125,8,0,2,0,0,61,1
2,354980505000572,20,10,0,0,0,0,0,13,1
2,354980505000573,14,5,0,0,0,0,0,14,2
2,354980505000577,74,372,1,0,0,0,0,31,0
2,354980505000828,532,477,0,0,0,0,231,177,1
2,354980505000844,570,566,0,0,0,0,156,106,1
2,354980505000845,410,455,2,0,2,0,104,84,4
2,354980505000846,720,371,1,0,1,0,321,86,2
2,354980505000847,555,487,1,0,0,0,234,74,1
2,354980505000924,95,164,2,0,0,0,0,74,2
2,354980505000925,82,132,2,1,0,0,0,57,0
2,354980505000926,341,339,3,0,1,0,143,114,2
2,354980505000927,381,259,1,0,0,0,121,77,2
2,354980505000930,21,101,0,0,0,0,0,18,0
2,354980505000958,69,203,0,0,0,0,0,56,1
2,354980505000959,77,233,0,0,0,0,0,58,1
2,354980505000960,77,271,0,0,0,0,0,65,1
2,354980505000961,82,275,0,0,0,0,0,53,0
2,354980505001004,63,166,0,0,0,0,0,10,0
2,354980505001005,109,144,1,0,0,0,0,42,0
2,354980505001006,170,224,0,0,0,0,0,65,0
2,354980505001007,135,210,0,0,1,0,0,110,0
2,354980505001008,80,178,1,0,0,0,0,53,1
2,354980505001009,61,98,0,0,0,0,0,33,0
2,354980505001010,551,867,0,0,1,0,145,223,1
2,354980505001062,115,194,2,0,0,0,0,99,3
2,354980505001063,93,162,0,0,0,0,0,34,0
2,354980505001126,360,277,1,0,0,0,96,58,1
2,354980505001127,545,390,1,0,1,0,119,151,10
2,354980505001259,52,170,0,0,0,0,0,31,0
2,354980505001260,50,138,0,0,0,0,0,39,0
20,354980505000566,350,122,1,0,0,0,0,34,0
20,354980505000567,550,123,1,0,0,0,0,15,0
20,354980505000568,322,56,2,0,0,0,0,13,0
20,354980505000574,399,74,1,0,0,0,0,13,0
20,354980505000908,97,211,3,0,0,0,0,27,0
20,354980505000909,186,256,2,0,0,0,0,33,0
20,354980505000922,123,169,0,0,0,0,0,6,0
20,354980505000923,144,234,0,0,1,0,0,32,0
20,354980505000966,48,93,1,0,0,0,0,7,0
20,354980505000967,146,236,0,0,0,0,1,23,1
20,354980505000968,64,70,0,0,0,0,0,4,0
20,354980505000969,99,175,0,0,0,0,0,18,0
20,354980505000970,67,96,0,0,0,0,0,14,0
20,354980505000971,8,0,0,0,0,0,0,3,0
20,354980505000972,313,225,0,0,0,0,0,79,0
20,354980505001026,338,298,0,0,0,0,0,76,0
20,354980505001027,368,473,0,0,0,0,0,53,3
20,354980505001130,131,230,0,0,0,0,0,4,0
20,354980505001131,194,271,0,0,0,0,0,6,0
20,354980505001132,283,196,0,0,0,0,0,9,0
20,354980505001133,128,111,1,0,0,0,0,2,1
20,354980520000015,106,158,0,0,0,0,0,26,1
20,354980520000025,290,325,0,0,0,0,0,62,0
20,354980520000026,209,209,1,0,0,0,0,12,0
20,354980520000027,121,72,1,0,0,0,0,13,0
20,354980520000029,273,82,0,0,0,0,0,71,0
21,354980520000003,12,0,0,0,0,0,0,1,0
21,354980520000005,584,435,0,0,0,0,0,7,0
21,354980520000008,1,0,0,0,0,0,1,1,0
21,354980520000009,256,134,4,0,0,0,0,11,0
21,354980520000013,709,441,0,0,0,0,1,5,0
21,354980520000016,115,74,0,0,0,0,0,9,0
21,354980520000017,296,170,1,0,0,0,0,13,0
21,354980520000018,197,269,2,0,0,0,0,6,0
21,354980520000019,309,275,0,0,0,0,0,15,1
21,354980520000020,83,119,0,0,0,0,0,3,1
21,354980520000021,224,438,1,0,0,0,0,6,0
21,354980520000022,237,350,0,0,0,0,0,8,0
21,354980520000023,132,91,0,0,0,0,0,3,0
21,354980520000030,91,63,0,1,0,0,0,4,0
21,354980520000031,311,121,0,0,0,0,0,7,0
21,354980520000033,263,664,0,0,0,0,0,18,0
22,354980505000482,233,120,1,0,0,0,0,120,1
22,354980505000616,111,17,0,0,0,0,0,29,0
22,354980505000617,98,24,0,0,0,0,0,31,0
22,354980505000618,863,17,3,0,0,0,0,774,13
22,354980505000619,386,292,0,0,0,0,0,156,0
22,354980505000620,523,182,1,0,1,0,1,163,3
22,354980505000873,481,531,0,0,0,0,0,226,2
22,354980505000874,357,249,0,0,0,0,0,206,1
22,354980505000875,387,230,0,0,0,0,0,145,0
22,354980505000878,337,346,0,0,0,0,0,105,2
22,354980505001163,14,0,0,0,0,0,0,14,0
22,354980505001220,6,0,0,0,0,0,0,2,0
22,354980505001253,2,0,0,0,0,0,0,0,0
22,354980505001254,62,36,0,0,0,0,0,26,0
22,354980505001255,102,92,0,0,0,0,0,8,0
22,354980505001256,23,13,0,0,0,0,0,0,0
23,354980505000174,512,284,0,0,0,0,0,0,0
23,354980505000175,817,243,0,0,0,0,0,28,1
23,354980505000178,802,425,1,0,0,0,2,14,1
23,354980505000432,860,245,1,0,0,0,0,2,0
23,354980505000480,567,282,3,0,0,0,0,7,0
23,354980505000481,301,147,1,0,0,0,0,3,0
23,354980505000551,268,39,0,0,0,0,0,92,0
23,354980505000570,436,457,0,0,0,0,0,135,0
23,354980505000571,633,430,1,0,0,0,0,58,0
23,354980505000730,16,55,0,0,0,0,0,0,0
23,354980505000731,425,437,2,0,1,0,0,25,0
23,354980505000732,428,186,0,0,0,0,1,2,1
23,354980505000733,565,373,1,0,0,0,0,7,4
23,354980505000797,295,141,0,0,0,0,0,3,0
23,354980505000798,269,166,0,0,0,0,0,2,0
23,354980505000799,313,180,0,0,0,0,0,3,1
23,354980505000805,819,320,0,0,0,0,0,152,3
23,354980505000806,716,405,0,0,0,0,0,231,0
23,354980505000807,13,6,0,0,0,0,0,1,0
23,354980505001227,747,350,0,0,0,0,0,7,0
23,354980505001228,8,2,0,0,0,0,1,1,0
23,354980505001233,14,0,0,0,0,0,0,0,0
23,354980505001234,782,511,0,0,0,0,0,30,0
23,354980510000070,58,85,0,0,0,0,0,2,1
23,354980510000071,282,34,2,1,0,0,0,3,1
23,354980510000072,56,36,0,0,1,0,0,0,0
23,354980510000073,228,69,0,0,0,0,0,2,0
23,354980510000074,604,350,1,0,0,0,0,164,2
23,354980510000075,113,67,0,0,0,0,0,17,0
23,354980510000078,318,35,0,0,0,0,0,1,0
23,354980510000094,410,113,2,0,0,0,0,3,0
23,354980510000095,294,178,1,0,0,0,0,7,0
23,354980510000099,1,0,0,0,0,0,0,0,0
24,354980505000113,368,246,0,0,0,0,143,1,0
24,354980505000114,181,160,0,0,0,0,114,2,0
24,354980505000115,366,239,0,0,0,0,160,6,0
24,354980505000116,1015,701,1,0,1,0,202,2,1
24,354980505000118,712,689,0,0,0,0,143,7,0
24,354980505000119,819,525,0,0,0,0,140,7,0
24,354980505000122,338,217,1,0,2,0,0,2,0
24,354980505000123,292,99,2,0,0,0,0,6,0
24,354980505000124,469,221,0,0,0,0,0,3,0
24,354980505000127,730,528,0,0,0,0,0,18,0
24,354980505000128,576,425,1,0,0,0,0,1,0
24,354980505000129,586,645,0,0,0,0,0,3,0
24,354980505000130,880,550,0,0,0,0,59,4,0
24,354980505000132,867,488,0,0,3,0,123,9,0
24,354980505000425,270,242,1,0,0,0,102,4,0
24,354980505000506,548,267,0,0,0,0,0,2,0
24,354980505000682,319,295,1,0,0,0,102,4,0
24,354980505000683,347,219,1,0,0,0,114,2,0
24,354980505000684,6,0,0,0,0,0,0,0,0
24,354980505000685,9,0,0,0,0,0,0,0,0
24,354980505000686,222,109,0,0,0,0,0,5,0
24,354980505000687,186,64,0,0,0,0,0,3,0
24,354980505000688,262,136,0,0,0,0,0,1,0
24,354980505000689,1237,727,0,0,0,0,164,6,0
24,354980505000690,406,63,0,0,1,0,0,1,0
24,354980505000691,585,371,0,0,3,0,0,20,0
24,354980505000692,680,425,1,0,3,0,52,12,2
24,354980505000813,32,1,0,0,0,0,0,0,0
24,354980505001170,10,2,0,0,0,0,0,0,0
24,354980505001225,204,121,1,0,0,0,0,1,0
24,354980505001226,1,0,0,0,0,0,0,0,0
24,354980505001239,360,303,0,0,1,0,0,0,0
25,354980505000304,257,284,1,0,0,0,0,12,3
25,354980505000451,531,977,0,0,1,0,1,12,1
25,354980505000453,387,644,0,0,0,0,0,8,0
25,354980505000454,241,262,3,0,0,0,0,25,2
25,354980505000466,297,348,2,0,0,0,0,16,7
25,354980505000467,543,777,3,0,0,0,0,7,2
25,354980505000468,318,568,2,0,0,0,0,9,1
25,354980505000469,357,575,2,0,0,0,0,16,0
25,354980505000523,275,413,1,0,0,0,0,10,0
25,354980505000524,289,482,0,0,3,0,0,7,0
25,354980505000525,302,528,1,0,0,0,0,0,0
25,354980505000526,364,841,2,0,1,0,0,8,1
25,354980505000527,204,503,2,0,2,0,0,12,0
25,354980505000528,258,415,0,0,0,0,0,36,0
25,354980505001014,13,8,0,0,0,0,0,5,0
25,354980505001015,190,505,4,0,0,0,0,4,1
25,354980505001016,194,435,1,0,0,0,0,15,1
25,354980505001045,295,515,1,0,0,0,0,45,1
25,354980505001046,375,529,0,0,0,0,0,10,0
25,354980505001124,272,596,1,0,0,0,0,2,2
25,354980505001125,445,817,4,0,1,0,0,14,2
25,354980505001136,254,629,1,0,0,0,0,3,2
25,354980505001137,196,507,0,0,0,0,0,10,0
25,354980505001216,249,523,2,0,1,0,0,4,2
25,354980505001223,7,10,0,0,0,0,0,0,0
26,354980505000938,66,69,1,0,1,0,0,55,1
26,354980505000941,290,161,0,0,5,0,0,240,4
26,354980505000942,124,101,0,0,2,0,0,48,2
26,354980505000943,457,421,0,0,0,0,51,127,29
26,354980505000944,483,462,0,0,0,0,119,49,3
26,354980505000946,1085,881,0,0,3,0,115,181,21
26,354980505000947,994,987,1,0,2,0,108,230,22
26,354980505000948,631,509,0,0,0,0,87,227,11
26,354980505000949,707,505,1,0,0,0,109,151,14
26,354980505000950,798,745,0,0,0,0,178,189,11
26,354980505000951,1013,1089,0,0,2,0,139,244,11
26,354980505000952,1385,869,0,0,1,0,149,283,3
27,354980505000974,901,1474,0,0,1,0,0,485,1
27,354980505000975,869,1152,0,0,1,0,0,513,2
27,354980505000977,513,722,0,0,0,0,0,83,1
27,354980505000978,838,1428,0,0,0,0,91,102,6
27,354980505000979,418,551,0,0,0,0,50,75,1
27,354980505000980,694,1245,0,0,0,0,146,117,2
27,354980505000981,310,319,0,0,0,0,28,212,0
27,354980505000982,602,816,0,0,1,0,94,49,1
27,354980505000983,496,924,1,0,1,0,104,59,1
27,354980505000984,722,1173,1,0,1,0,91,104,0
27,354980505000985,746,1538,0,0,0,0,134,122,0
27,354980505000986,897,1333,2,0,0,0,111,148,1
27,354980505001060,385,143,0,0,0,0,0,297,0
27,354980505001061,507,655,0,0,0,0,0,402,13
27,354980505001214,25,0,0,0,0,0,1,21,0
27,354980505001224,2065,2068,0,0,1,0,0,997,1
27,354980505001261,410,132,0,0,0,0,0,367,0
27,354980505001262,65,90,3,0,0,0,0,34,2
27,354980505001274,319,120,0,0,0,0,0,294,0
27,354980505001275,486,192,0,0,1,0,0,440,0
27,354980505001276,507,140,2,0,0,0,0,407,1
27,354980505001277,458,110,0,0,2,0,0,375,0
27,354980520000032,126,276,0,0,0,0,0,38,0
28,354980505000460,105,70,1,0,0,0,0,2,0
28,354980505000461,53,31,0,0,0,0,0,0,0
28,354980505000500,299,270,0,0,1,0,0,7,2
28,354980505000534,150,65,1,0,1,0,0,3,1
28,354980505000987,346,215,0,0,6,0,0,4,7
28,354980505000988,110,162,0,0,0,0,0,0,0
28,354980505000989,61,172,0,0,0,0,1,2,0
28,354980505000990,131,308,1,0,0,0,0,1,0
28,354980505000991,104,189,0,0,0,0,0,2,0
28,354980505001018,124,169,0,0,0,0,0,1,0
28,354980505001019,152,261,0,0,1,0,0,1,1
28,354980505001028,62,59,1,0,0,0,0,1,0
28,354980505001029,174,157,0,0,0,0,0,4,0
28,354980505001030,520,692,0,0,2,0,0,16,1
28,354980505001031,110,200,0,0,0,0,0,0,0
28,354980505001032,174,209,0,0,0,0,0,3,1
28,354980505001033,122,160,0,0,0,0,0,0,0
28,354980505001034,148,209,0,0,0,0,0,3,0
28,354980505001035,145,182,0,0,0,0,0,1,0
28,354980505001036,111,107,0,0,0,0,0,2,0
28,354980505001037,263,402,0,0,0,0,0,1,0
28,354980505001038,181,295,0,0,0,0,0,0,0
28,354980505001039,130,101,0,0,2,0,0,1,0
28,354980505001040,256,294,1,0,2,0,0,5,1
28,354980505001041,231,286,1,0,0,0,0,2,0
28,354980505001042,195,260,0,0,0,0,0,0,0
28,354980505001043,108,89,1,0,1,0,0,2,0
28,354980505001044,108,94,0,0,0,0,0,3,0
28,354980505001144,86,167,1,0,0,0,0,5,0
28,354980505001145,34,30,0,0,0,0,0,0,0
28,354980505001221,120,109,0,0,0,0,0,1,0
29,354980510000056,406,990,0,0,0,0,0,28,1
29,354980510000057,238,880,0,0,0,0,0,20,1
29,354980510000058,254,283,0,0,1,0,0,45,0
29,354980510000059,246,492,0,0,0,0,1,14,0
29,354980510000060,350,763,0,0,0,0,0,2,0
29,354980510000061,182,476,0,0,0,0,0,7,0
29,354980510000062,230,690,0,0,0,0,0,30,1
29,354980510000063,328,941,1,0,1,0,0,22,0
29,354980510000064,239,837,0,0,0,0,0,33,1
29,354980510000065,272,1090,1,0,1,0,0,20,0
29,354980510000066,387,1152,0,0,0,0,0,38,0
29,354980510000067,312,478,1,0,7,0,0,55,0
29,354980510000069,49,38,0,0,0,0,0,13,0
29,354980510000096,1317,222,2,1,1,0,0,398,0
3,354980505000207,669,576,0,0,2,0,100,52,4
3,354980505000208,406,336,1,0,0,0,172,91,1
3,354980505000209,471,428,0,0,0,0,200,68,20
3,354980505000210,422,426,0,0,0,0,115,46,17
3,354980505000211,639,609,0,0,2,0,184,80,17
3,354980505000212,673,671,1,0,2,0,165,69,1
3,354980505000213,468,359,1,0,2,0,147,67,6
3,354980505000214,317,226,0,0,1,0,128,17,0
3,354980505000215,347,307,0,0,0,0,149,73,9
3,354980505000216,582,488,0,0,0,0,172,58,3
3,354980505000217,562,492,0,0,2,0,215,49,6
3,354980505000218,422,382,1,0,0,0,169,90,5
3,354980505000221,505,454,0,0,0,0,216,111,1
3,354980505000224,545,406,0,0,5,0,160,82,11
3,354980505000225,616,556,0,0,0,0,227,103,0
3,354980505000226,486,386,0,0,3,0,227,78,39
3,354980505000234,173,190,0,0,0,0,18,56,11
3,354980505000235,470,477,2,0,0,0,216,69,8
3,354980505000237,352,309,2,0,0,0,159,66,6
3,354980505000238,226,244,1,0,0,0,17,67,18
3,354980505000239,806,592,1,0,1,0,224,106,11
3,354980505000522,93,109,1,0,0,0,0,37,36
3,354980505000829,500,492,0,0,15,0,133,69,8
3,354980505001114,512,318,0,0,1,0,248,73,5
3,354980505001115,264,159,0,0,0,0,160,39,2
3,354980505001116,414,282,1,0,0,0,147,103,32
3,354980505001117,370,265,0,0,0,0,162,68,0
3,354980505001118,298,313,0,0,1,0,1,98,5
3,354980505001119,414,389,0,0,0,0,96,43,15
3,354980505001185,231,227,1,0,0,0,99,33,2
3,354980505001186,19,13,1,0,0,0,0,7,0
3,354980505001195,43,28,0,0,1,0,0,14,0
3,354980505001196,365,389,0,0,2,0,0,53,11
4,354980505000290,509,642,0,0,1,0,130,30,0
4,354980505000328,921,808,0,0,0,0,311,42,1
4,354980505000329,804,680,0,0,1,0,354,62,9
4,354980505000423,413,573,0,0,0,0,0,45,1
4,354980505000447,694,599,0,0,0,0,133,66,4
4,354980505000472,551,567,0,0,0,0,243,13,0
4,354980505000535,316,373,0,0,0,0,255,25,0
4,354980505000536,611,652,0,0,0,0,270,11,0
4,354980505000537,138,275,0,0,1,0,0,51,0
4,354980505000856,483,704,0,0,0,0,88,38,0
4,354980505000857,556,469,0,0,0,0,16,86,0
4,354980505000858,446,456,0,0,0,0,103,9,1
4,354980505000859,480,457,0,0,0,0,110,32,1
4,354980505000887,669,579,0,0,0,0,221,86,4
4,354980505000888,324,235,0,0,0,0,105,0,0
4,354980505000889,543,408,0,0,0,0,145,21,4
4,354980505000890,776,678,0,0,1,0,182,105,3
4,354980505000891,609,531,0,0,0,0,197,36,5
4,354980505000892,757,623,0,0,0,0,187,51,2
4,354980505000893,749,765,0,0,0,0,232,52,9
4,354980505000894,921,969,0,0,0,0,293,68,3
4,354980505000895,566,473,0,0,4,0,236,51,2
4,354980505000896,654,588,0,0,3,0,215,169,3
4,354980505000897,624,664,0,0,0,0,218,32,0
4,354980505000898,596,544,0,0,0,0,244,58,0
4,354980505000901,139,164,0,0,0,0,0,36,0
4,354980505000902,266,360,0,0,0,0,0,11,0
4,354980505000903,264,353,0,0,0,0,0,36,4
4,354980505000912,136,159,0,0,0,0,0,13,0
4,354980505000913,187,196,0,0,0,0,0,35,1
4,354980505000914,163,307,0,0,0,0,0,43,0
4,354980505000915,223,306,0,0,0,0,0,17,0
4,354980505000920,280,404,0,0,1,0,0,36,0
4,354980505000921,222,361,0,0,0,0,0,23,0
4,354980505000931,198,187,0,0,0,0,0,86,2
4,354980505000932,133,157,2,0,0,0,0,40,0
4,354980505000933,33,24,0,0,0,0,19,1,0
4,354980505000934,240,302,0,0,0,0,0,90,0
4,354980505000935,72,89,1,0,0,0,0,22,0
4,354980505000936,1,0,0,0,0,0,1,0,0
4,354980505000937,110,155,0,0,0,0,0,28,0
4,354980505001048,1,0,0,0,0,0,0,0,0
4,354980505001049,17,34,0,0,0,0,0,3,0
4,354980505001050,18,32,0,0,0,0,0,1,0
4,354980505001051,184,292,0,0,0,0,0,34,0
4,354980505001052,336,486,0,0,1,0,0,84,0
4,354980505001053,336,505,0,0,2,0,0,72,3
4,354980505001054,253,337,0,0,0,0,4,22,0
4,354980505001055,98,46,0,0,0,0,0,6,0
4,354980505001056,70,231,0,0,0,0,0,0,0
4,354980505001057,48,65,0,0,0,0,0,1,0
4,354980505001058,69,57,0,0,0,0,0,0,0
4,354980505001059,2,0,0,0,0,0,0,0,0
4,354980505001138,126,122,0,0,0,0,109,10,0
4,354980505001139,261,274,0,0,0,0,222,5,0
4,354980505001162,7,4,0,0,0,0,0,5,1
4,354980505001206,223,257,0,0,0,0,114,20,1
4,354980505001207,672,633,0,0,0,0,334,44,4
4,354980505001222,16,4,0,0,1,0,0,7,1
5,354980505000333,305,305,0,0,0,0,182,6,0
5,354980505000334,223,274,0,0,0,0,129,5,0
5,354980505000344,467,465,3,0,0,0,181,17,6
5,354980505000347,425,453,0,0,0,0,210,4,1
5,354980505000348,371,456,1,0,1,0,161,12,2
5,354980505000363,210,320,0,0,0,0,0,23,3
5,354980505000364,319,270,0,0,0,0,176,23,0
5,354980505000365,389,275,2,0,4,0,297,7,1
5,354980505000366,464,477,1,0,0,0,213,16,4
5,354980505000368,888,822,1,0,0,0,351,66,5
5,354980505000369,587,484,0,0,0,0,323,30,0
5,354980505000372,125,170,0,0,1,0,52,14,0
5,354980505000398,423,305,0,0,0,0,303,15,1
5,354980505000399,508,395,0,0,0,0,316,19,0
5,354980505000400,975,807,2,1,0,0,502,39,4
5,354980505000459,205,232,0,0,0,0,0,14,3
5,354980505000465,277,369,0,0,0,0,0,49,1
5,354980505000498,85,153,0,0,0,0,0,1,0
5,354980505000633,391,199,0,0,0,0,156,6,1
5,354980505000634,405,223,0,0,0,0,55,10,1
5,354980505000635,433,419,0,0,1,0,243,5,0
5,354980505000636,248,274,0,0,0,0,104,17,1
5,354980505000641,456,378,1,0,1,0,254,9,1
5,354980505000642,398,347,2,0,0,0,268,12,2
5,354980505000643,397,386,1,0,0,0,178,30,2
5,354980505000644,218,276,1,0,0,0,82,6,0
5,354980505000645,485,358,0,0,2,0,406,6,0
5,354980505000646,233,338,1,0,0,0,145,14,0
5,354980505000654,207,298,0,0,1,0,0,17,1
5,354980505000655,184,181,1,0,0,0,0,7,1
5,354980505000656,24,0,0,0,0,0,0,0,0
5,354980505000663,37,79,0,0,0,0,0,10,0
5,354980505000664,140,201,0,0,0,0,0,3,1
5,354980505000665,287,448,0,0,0,0,0,13,5
5,354980505000666,185,301,0,0,0,0,0,17,1
5,354980505000667,118,141,0,0,0,0,0,5,1
5,354980505000668,32,38,0,0,0,0,24,0,0
5,354980505000678,167,321,1,0,0,0,0,12,1
5,354980505000679,18,35,0,0,0,0,0,12,0
5,354980505000680,205,182,1,0,0,0,77,15,2
5,354980505000681,173,199,0,0,0,0,78,1,1
5,354980505001180,6,11,0,0,1,0,0,2,0
5,354980505001182,218,222,1,0,0,0,113,19,1
6,354980505000373,30,40,1,0,0,0,0,2,1
6,354980505000375,472,99,0,0,0,0,0,0,0
6,354980505000376,435,178,0,0,0,0,1,1,0
6,354980505000378,323,161,0,0,1,0,0,3,0
6,354980505000379,841,259,1,0,0,0,0,29,0
6,354980505000504,134,103,0,0,0,0,0,10,0
6,354980505000545,176,60,4,1,0,0,0,7,2
6,354980505000770,199,215,1,0,0,0,0,12,1
6,354980505000771,210,133,0,0,0,0,0,3,0
6,354980505000775,155,133,0,0,0,0,0,2,0
6,354980505000776,179,94,1,0,0,0,0,2,0
6,354980505000777,139,96,1,0,0,0,0,0,0
6,354980505000793,173,94,0,0,0,0,0,2,1
6,354980505000794,275,187,0,0,0,0,0,13,0
6,354980505000795,381,244,0,0,0,0,140,0,0
6,354980505000796,329,225,0,0,0,0,118,7,0
6,354980505000801,163,144,0,0,0,0,0,1,0
6,354980505000802,180,70,0,0,0,0,0,1,1
6,354980505000904,49,19,0,0,0,0,0,0,0
6,354980505000905,205,61,0,0,0,0,0,0,0
6,354980505000906,374,87,1,0,0,0,0,0,1
6,354980505000907,103,66,1,0,0,0,0,0,1
6,354980505000992,310,286,2,0,0,0,0,10,1
6,354980505000993,428,353,0,0,0,0,0,46,1
6,354980505000999,6,0,0,0,0,0,0,0,0
6,354980505001020,54,5,0,0,0,0,0,0,0
6,354980505001024,44,29,2,0,0,0,0,2,0
6,354980505001025,169,66,0,0,0,0,0,2,1
6,354980505001064,210,164,0,0,0,0,0,0,0
6,354980505001065,224,133,1,0,0,0,0,15,1
6,354980505001066,222,140,0,0,0,0,0,2,0
6,354980505001067,114,43,0,0,0,0,0,2,0
6,354980505001068,225,233,0,0,1,0,0,2,0
6,354980505001069,278,181,0,0,0,0,0,6,2
6,354980505001070,118,85,2,0,0,0,0,2,1
6,354980505001071,176,100,0,0,0,0,0,8,1
6,354980505001072,34,43,0,0,0,0,0,0,0
6,354980505001073,119,73,0,0,0,0,0,3,0
6,354980505001074,98,49,0,0,0,0,0,4,1
6,354980505001080,188,121,1,0,0,0,0,6,2
6,354980505001081,188,175,2,0,0,0,0,4,0
6,354980505001128,146,127,0,0,0,0,0,0,1
6,354980505001129,232,170,0,0,0,0,0,21,0
6,354980505001154,88,45,1,0,0,0,0,2,0
6,354980505001155,48,34,0,0,1,0,0,1,1
6,354980505001215,30,12,0,0,0,0,0,0,0
6,354980505001244,40,3,0,0,0,0,0,0,0
7,354980505000337,584,338,0,0,0,0,0,2,0
7,354980505000338,569,353,0,0,0,0,0,0,0
7,354980505000339,362,230,1,0,0,0,0,2,2
7,354980505000340,229,131,0,0,0,0,0,0,0
7,354980505000341,202,170,0,0,0,0,0,0,0
7,354980505000355,233,210,1,0,0,0,0,24,0
7,354980505000357,283,346,3,0,0,0,0,7,0
7,354980505000358,317,233,0,0,0,0,0,0,0
7,354980505000359,168,278,0,0,0,0,0,2,0
7,354980505000360,93,118,0,0,0,0,0,3,0
7,354980505000390,105,24,2,0,0,0,0,52,0
7,354980505000391,232,189,0,0,3,0,0,32,0
7,354980505000392,214,172,0,0,0,0,0,12,0
7,354980505000416,191,98,1,0,0,0,0,19,0
7,354980505000457,249,226,0,0,0,0,0,4,0
7,354980505000627,237,116,0,0,1,0,0,3,0
7,354980505000628,139,104,1,0,0,0,0,0,0
7,354980505000629,170,124,1,0,0,0,1,1,0
7,354980505000630,65,31,1,0,0,0,0,1,0
7,354980505000631,77,55,0,0,0,0,0,1,0
7,354980505000632,92,132,1,0,0,0,0,3,1
7,354980505000639,97,111,1,0,0,0,0,2,1
7,354980505000640,215,243,0,0,0,0,0,4,0
7,354980505000651,161,122,0,0,0,0,0,5,0
7,354980505000652,320,106,0,0,0,0,0,0,0
7,354980505000653,43,48,0,0,0,0,0,0,0
7,354980505000658,10,0,0,0,0,0,0,1,0
7,354980505000659,27,0,0,0,0,0,0,0,0
7,354980505000660,70,4,0,0,0,0,0,10,0
7,354980505000661,37,0,0,0,0,0,0,0,0
7,354980505000662,61,0,0,0,0,0,0,0,0
7,354980505001102,219,176,0,0,0,0,0,8,1
7,354980505001110,161,149,0,0,0,0,0,1,0
7,354980505001111,207,217,0,0,0,0,0,0,0
7,354980505001171,169,159,0,0,0,0,0,6,0
7,354980505001172,25,11,0,0,0,0,0,0,0
7,354980505001179,21,44,0,0,0,0,0,2,0
7,354980505001263,101,1,0,0,0,0,0,0,0
8,354980505000016,390,203,0,0,0,0,0,20,5
8,354980505000031,74,55,0,0,0,0,0,8,0
8,354980505000032,256,192,0,0,0,0,38,12,1
8,354980505000033,405,250,0,0,0,0,107,28,6
8,354980505000034,671,496,0,0,1,0,171,25,2
8,354980505000036,766,437,0,0,0,0,210,17,1
8,354980505000051,37,6,0,0,0,0,0,9,0
8,354980505000052,129,99,0,0,1,0,0,7,3
8,354980505000054,638,412,0,0,1,0,150,19,1
8,354980505000055,808,491,0,0,0,0,245,24,6
8,354980505000056,364,262,0,0,1,0,77,10,0
8,354980505000057,334,229,1,0,0,0,125,16,0
8,354980505000058,258,213,0,0,0,0,16,14,0
8,354980505000059,401,235,1,0,0,0,19,39,2
8,354980505000061,238,175,0,0,1,0,13,9,0
8,354980505000075,403,189,1,0,2,1,314,6,0
8,354980505000076,149,70,0,0,0,0,149,0,0
8,354980505000079,804,469,1,0,0,0,216,82,0
8,354980505000080,602,374,0,0,0,0,91,26,6
8,354980505000081,482,300,0,0,0,0,151,13,2
8,354980505000082,795,406,0,0,0,0,132,41,2
8,354980505000083,892,568,1,0,0,0,189,23,2
8,354980505000084,521,393,0,0,0,0,153,9,1
8,354980505000085,272,271,0,0,0,0,90,26,1
8,354980505000087,295,229,0,0,0,0,120,24,1
8,354980505000094,172,172,0,0,0,0,120,5,2
8,354980505000095,186,196,2,0,0,0,161,3,0
8,354980505000096,161,91,0,0,0,0,161,0,0
8,354980505000102,227,166,0,0,0,0,203,0,0
8,354980505000105,891,438,0,0,3,0,236,159,7
8,354980505000106,314,197,0,0,0,0,133,13,0
8,354980505000107,579,453,1,0,0,0,136,22,0
8,354980505000108,356,274,1,0,0,0,102,7,0
8,354980505000109,1001,727,0,0,0,0,207,14,0
8,354980505000110,451,389,0,0,0,0,129,15,0
8,354980505000111,277,193,0,0,0,0,80,24,0
8,354980505000424,157,112,0,0,0,0,0,8,6
8,354980505000582,212,154,0,0,0,0,0,15,9
8,354980505000583,90,56,1,0,2,0,0,10,0
8,354980505000586,591,408,0,0,0,0,169,19,1
8,354980505000587,536,301,0,0,0,0,117,16,5
8,354980505000588,142,122,0,0,0,0,0,1,1
8,354980505000589,101,156,2,0,0,0,0,14,0
8,354980505000590,106,79,1,0,0,0,0,13,0
8,354980505000591,102,96,0,0,0,0,0,5,0
8,354980505000596,88,69,0,0,0,0,0,0,0
8,354980505000597,212,161,0,0,0,0,0,7,0
8,354980505000604,225,170,0,0,1,0,174,2,0
8,354980505000606,272,169,0,0,0,0,100,20,0
8,354980505000607,490,339,1,0,1,0,206,35,8
8,354980505000608,322,237,0,0,0,0,159,13,0
8,354980505000609,325,158,0,0,0,0,107,20,0
8,354980505000614,25,10,0,0,0,0,0,5,0
8,354980505000615,19,10,0,0,0,0,0,0,0
8,354980505000621,62,8,1,0,0,0,42,1,1
8,354980505000622,163,47,0,0,0,0,157,17,0
8,354980505000623,90,84,1,0,0,0,75,6,1
8,354980505000624,333,193,0,0,0,0,81,50,5
8,354980505000625,470,266,0,0,0,0,65,79,3
8,354980505000626,371,256,0,0,1,0,73,72,6
8,354980505001090,166,76,0,0,0,0,0,18,4
8,354980505001091,182,80,0,0,0,0,0,38,4
8,354980505001092,487,246,0,0,0,0,87,28,13
8,354980505001093,370,124,0,0,0,0,0,26,7
8,354980505001098,225,125,0,0,0,0,0,15,0
8,354980505001099,323,158,0,0,0,0,66,38,1
8,354980505001100,360,306,0,0,0,0,126,7,3
8,354980505001101,423,274,0,0,0,0,259,11,3
8,354980505001103,290,214,0,0,0,0,115,17,0
8,354980505001106,117,71,0,0,0,0,117,0,0
8,354980505001107,107,40,1,0,0,0,60,1,0
8,354980505001169,6,1,0,0,0,0,0,4,0
8,354980505001173,31,0,0,0,0,0,0,4,0
9,354980505000179,308,212,0,0,0,0,128,3,1
9,354980505000180,371,402,0,0,0,0,147,3,1
9,354980505000182,165,165,1,0,0,0,0,10,1
9,354980505000184,369,297,1,0,0,0,172,9,0
9,354980505000191,43,11,0,0,0,0,0,12,0
9,354980505000193,212,157,2,0,0,0,0,22,10
9,354980505000197,89,56,0,0,0,0,0,9,4
9,354980505000434,21,27,0,0,0,0,0,2,2
9,354980505000437,33,11,0,0,0,0,0,10,0
9,354980505000512,51,26,0,0,0,0,0,12,2
9,354980505000513,40,33,1,0,0,0,0,8,1
9,354980505000514,28,8,0,0,0,0,0,0,0
9,354980505000515,15,13,0,0,0,0,0,1,1
9,354980505000516,15,14,0,0,0,0,0,5,0
9,354980505000552,56,38,2,0,3,0,0,10,0
9,354980505000553,23,13,0,0,0,0,0,0,0
9,354980505000560,55,29,0,0,0,0,0,11,0
9,354980505000561,100,49,0,0,0,0,0,17,7
9,354980505000562,39,25,0,0,0,0,0,35,0
9,354980505000709,177,124,0,0,0,0,48,25,0
9,354980505000710,118,103,1,0,0,0,0,4,1
9,354980505000711,86,64,0,0,0,0,38,10,0
9,354980505000712,419,404,0,0,0,0,115,41,2
9,354980505000734,295,213,0,0,0,0,128,6,0
9,354980505000735,273,232,0,0,0,0,78,3,1
9,354980505000736,408,348,0,0,0,0,128,6,1
9,354980505000737,192,213,0,0,0,0,82,14,2
9,354980505000739,4,6,0,0,0,0,0,1,0
9,354980505000741,80,60,3,0,0,0,0,32,3
9,354980505000742,25,35,1,0,0,0,0,1,1
9,354980505000743,11,0,0,0,0,0,0,0,0
9,354980505000744,24,1,0,0,0,0,0,4,3
9,354980505000745,50,9,0,0,0,0,0,13,0
9,354980505000746,75,70,0,0,0,0,0,11,4
9,354980505000747,45,40,0,0,0,0,0,5,1
9,354980505000748,77,85,0,0,0,0,0,2,0
9,354980505000749,64,83,3,0,0,0,0,9,1
9,354980505000750,261,150,0,0,1,1,0,22,7
9,354980505000751,321,190,0,0,0,0,0,24,8
9,354980505000752,63,10,0,0,0,0,0,11,2
9,354980505000753,125,138,4,0,0,0,0,7,3
9,354980505000754,17,1,1,0,0,0,0,5,1
9,354980505000778,294,194,0,0,0,0,141,1,0
9,354980505000779,343,334,0,0,0,0,67,10,1
9,354980505000780,6,9,0,0,0,0,0,3,0
9,354980505000781,5,5,0,0,0,0,0,5,0
9,354980505000782,7,6,0,0,0,0,0,0,0
9,354980505000783,13,7,0,0,0,0,0,4,0
9,354980505000784,8,1,0,0,0,0,0,4,1
9,354980505000785,1,0,0,0,0,0,0,0,0
9,354980505000786,1,0,0,0,0,0,0,0,0
9,354980505000787,5,0,0,0,0,0,0,0,1
9,354980505000788,1,0,0,0,0,0,0,1,0
9,354980505000789,94,50,0,0,0,0,0,7,1
9,354980505000790,46,6,0,0,0,0,0,10,2
9,354980505000791,74,38,3,0,0,0,0,6,0
9,354980505000792,44,44,0,0,0,0,0,9,1
9,354980505000810,4,0,0,0,0,0,0,2,2
9,354980505000811,15,0,0,0,0,0,0,0,0
9,354980505000821,15,7,2,0,0,0,0,1,2
9,354980505000822,31,21,0,0,1,0,0,13,0
9,354980505000823,5,1,0,0,0,0,0,0,0
9,354980505001075,5,5,1,0,0,0,0,1,0
9,354980505001076,20,18,1,0,0,0,0,1,3
9,354980505001077,17,13,0,0,0,0,0,5,0
9,354980505001079,10,0,0,0,0,0,0,0,0
9,354980505001146,89,87,0,0,0,0,29,0,0
9,354980505001147,238,215,0,0,0,0,72,2,0
9,354980505001156,83,93,0,0,0,0,0,8,4
9,354980505001157,120,88,2,0,0,0,0,15,5
9,354980505001159,1,0,0,0,0,0,0,0,0
9,354980505001160,56,33,0,0,0,0,0,4,1
9,354980505001229,24,33,0,0,0,0,0,5,0
9,354980505001230,9,0,0,0,1,0,0,9,0
9,354980505001231,3,0,0,0,0,0,0,1,0
9,354980505001232,163,176,5,0,2,0,0,9,5
9,354980505001236,31,24,2,0,0,0,0,6,0
9,354980505001237,98,48,0,0,1,0,0,3,1
9,354980505001238,2,0,0,0,0,0,0,2,0
9,354980505001268,6,0,0,0,0,0,0,5,0
9,354980505001270,18,8,0,0,0,0,0,1,1
